"STATION","NAME","DATE","PRCP","TAVG"
"ASN00009021","PERTH AIRPORT, AS","1944-05","110.6",
"ASN00009021","PERTH AIRPORT, AS","1944-06","77.5","14.3"
"ASN00009021","PERTH AIRPORT, AS","1944-07","177.4","13.0"
"ASN00009021","PERTH AIRPORT, AS","1944-08","108.3","13.3"
"ASN00009021","PERTH AIRPORT, AS","1944-09","53.1","14.1"
"ASN00009021","PERTH AIRPORT, AS","1944-10","16.9","17.6"
"ASN00009021","PERTH AIRPORT, AS","1944-11","27.0","19.7"
"ASN00009021","PERTH AIRPORT, AS","1944-12","45.3","18.8"
"ASN00009021","PERTH AIRPORT, AS","1945-01","1.3","22.9"
"ASN00009021","PERTH AIRPORT, AS","1945-02","3.6","25.0"
"ASN00009021","PERTH AIRPORT, AS","1945-03","16.8","22.3"
"ASN00009021","PERTH AIRPORT, AS","1945-04","7.2","21.4"
"ASN00009021","PERTH AIRPORT, AS","1945-05","89.1","16.8"
"ASN00009021","PERTH AIRPORT, AS","1945-06","424.1","14.6"
"ASN00009021","PERTH AIRPORT, AS","1945-07","117.7","12.8"
"ASN00009021","PERTH AIRPORT, AS","1945-08","264.7","13.6"
"ASN00009021","PERTH AIRPORT, AS","1945-09","106.3","13.6"
"ASN00009021","PERTH AIRPORT, AS","1945-10","22.1","16.7"
"ASN00009021","PERTH AIRPORT, AS","1945-11","25.7","18.8"
"ASN00009021","PERTH AIRPORT, AS","1945-12","17.6","20.9"
"ASN00009021","PERTH AIRPORT, AS","1946-01","0.0","20.7"
"ASN00009021","PERTH AIRPORT, AS","1946-02","0.5","21.9"
"ASN00009021","PERTH AIRPORT, AS","1946-03","15.5","21.1"
"ASN00009021","PERTH AIRPORT, AS","1946-04","78.8","19.0"
"ASN00009021","PERTH AIRPORT, AS","1946-05","183.5","15.9"
"ASN00009021","PERTH AIRPORT, AS","1946-06","213.1","12.9"
"ASN00009021","PERTH AIRPORT, AS","1946-07","219.1","13.1"
"ASN00009021","PERTH AIRPORT, AS","1946-08","139.7","12.6"
"ASN00009021","PERTH AIRPORT, AS","1946-09","28.8","15.2"
"ASN00009021","PERTH AIRPORT, AS","1946-10","3.6","17.0"
"ASN00009021","PERTH AIRPORT, AS","1946-11","80.7","18.2"
"ASN00009021","PERTH AIRPORT, AS","1946-12","13.0","20.6"
"ASN00009021","PERTH AIRPORT, AS","1947-01","0.8","22.1"
"ASN00009021","PERTH AIRPORT, AS","1947-02","0.0","24.3"
"ASN00009021","PERTH AIRPORT, AS","1947-03","10.9","22.9"
"ASN00009021","PERTH AIRPORT, AS","1947-04","86.2","18.8"
"ASN00009021","PERTH AIRPORT, AS","1947-05","197.0","15.1"
"ASN00009021","PERTH AIRPORT, AS","1947-06","269.5","15.3"
"ASN00009021","PERTH AIRPORT, AS","1947-07","158.5","13.1"
"ASN00009021","PERTH AIRPORT, AS","1947-08","53.8","12.5"
"ASN00009021","PERTH AIRPORT, AS","1947-09","75.2","13.8"
"ASN00009021","PERTH AIRPORT, AS","1947-10","107.5","15.6"
"ASN00009021","PERTH AIRPORT, AS","1947-11","25.7","18.3"
"ASN00009021","PERTH AIRPORT, AS","1947-12","9.3","19.2"
"ASN00009021","PERTH AIRPORT, AS","1948-01","0.0","23.1"
"ASN00009021","PERTH AIRPORT, AS","1948-02","0.0","24.6"
"ASN00009021","PERTH AIRPORT, AS","1948-03","14.8","24.5"
"ASN00009021","PERTH AIRPORT, AS","1948-04","35.8","18.2"
"ASN00009021","PERTH AIRPORT, AS","1948-05","24.3","15.7"
"ASN00009021","PERTH AIRPORT, AS","1948-06","170.1","13.8"
"ASN00009021","PERTH AIRPORT, AS","1948-07","179.2","13.3"
"ASN00009021","PERTH AIRPORT, AS","1948-08","136.8","14.2"
"ASN00009021","PERTH AIRPORT, AS","1948-09","122.0","14.2"
"ASN00009021","PERTH AIRPORT, AS","1948-10","36.4","16.2"
"ASN00009021","PERTH AIRPORT, AS","1948-11","54.1","17.9"
"ASN00009021","PERTH AIRPORT, AS","1948-12","17.2","19.5"
"ASN00009021","PERTH AIRPORT, AS","1949-01","4.9","24.5"
"ASN00009021","PERTH AIRPORT, AS","1949-02","8.4","24.3"
"ASN00009021","PERTH AIRPORT, AS","1949-03","17.8","21.9"
"ASN00009021","PERTH AIRPORT, AS","1949-04","48.8","20.5"
"ASN00009021","PERTH AIRPORT, AS","1949-05","15.2","15.5"
"ASN00009021","PERTH AIRPORT, AS","1949-06","80.6","14.9"
"ASN00009021","PERTH AIRPORT, AS","1949-07","152.1","14.4"
"ASN00009021","PERTH AIRPORT, AS","1949-08","152.3","14.6"
"ASN00009021","PERTH AIRPORT, AS","1949-09","38.7","13.9"
"ASN00009021","PERTH AIRPORT, AS","1949-10","69.1","14.7"
"ASN00009021","PERTH AIRPORT, AS","1949-11","30.8","19.1"
"ASN00009021","PERTH AIRPORT, AS","1949-12","0.0","22.2"
"ASN00009021","PERTH AIRPORT, AS","1950-01","3.1","24.8"
"ASN00009021","PERTH AIRPORT, AS","1950-02","1.8","23.9"
"ASN00009021","PERTH AIRPORT, AS","1950-03","0.0","23.1"
"ASN00009021","PERTH AIRPORT, AS","1950-04","0.8","19.9"
"ASN00009021","PERTH AIRPORT, AS","1950-05","167.6","15.9"
"ASN00009021","PERTH AIRPORT, AS","1950-06","182.5","13.5"
"ASN00009021","PERTH AIRPORT, AS","1950-07","159.3","13.1"
"ASN00009021","PERTH AIRPORT, AS","1950-08","72.6","13.6"
"ASN00009021","PERTH AIRPORT, AS","1950-09","93.0","14.2"
"ASN00009021","PERTH AIRPORT, AS","1950-10","52.6","14.7"
"ASN00009021","PERTH AIRPORT, AS","1950-11","38.3","16.8"
"ASN00009021","PERTH AIRPORT, AS","1950-12","7.6","20.2"
"ASN00009021","PERTH AIRPORT, AS","1951-01","1.5","21.5"
"ASN00009021","PERTH AIRPORT, AS","1951-02","28.0","23.4"
"ASN00009021","PERTH AIRPORT, AS","1951-03","2.4","21.8"
"ASN00009021","PERTH AIRPORT, AS","1951-04","113.3","18.3"
"ASN00009021","PERTH AIRPORT, AS","1951-05","53.3","14.0"
"ASN00009021","PERTH AIRPORT, AS","1951-06","222.3","13.5"
"ASN00009021","PERTH AIRPORT, AS","1951-07","76.1","11.8"
"ASN00009021","PERTH AIRPORT, AS","1951-08","124.5","11.6"
"ASN00009021","PERTH AIRPORT, AS","1951-09","38.3","14.8"
"ASN00009021","PERTH AIRPORT, AS","1951-10","50.2","15.9"
"ASN00009021","PERTH AIRPORT, AS","1951-11","15.8","18.1"
"ASN00009021","PERTH AIRPORT, AS","1951-12","65.5","20.4"
"ASN00009021","PERTH AIRPORT, AS","1952-01","3.6","23.1"
"ASN00009021","PERTH AIRPORT, AS","1952-02","4.8","24.2"
"ASN00009021","PERTH AIRPORT, AS","1952-03","29.4","21.9"
"ASN00009021","PERTH AIRPORT, AS","1952-04","3.8","19.9"
"ASN00009021","PERTH AIRPORT, AS","1952-05","121.7","14.7"
"ASN00009021","PERTH AIRPORT, AS","1952-06","224.0","14.2"
"ASN00009021","PERTH AIRPORT, AS","1952-07","204.1","11.4"
"ASN00009021","PERTH AIRPORT, AS","1952-08","95.1","13.0"
"ASN00009021","PERTH AIRPORT, AS","1952-09","87.4","13.4"
"ASN00009021","PERTH AIRPORT, AS","1952-10","68.8","15.2"
"ASN00009021","PERTH AIRPORT, AS","1952-11","19.6","17.2"
"ASN00009021","PERTH AIRPORT, AS","1952-12","46.2","19.0"
"ASN00009021","PERTH AIRPORT, AS","1953-01","0.8","22.9"
"ASN00009021","PERTH AIRPORT, AS","1953-02","33.4","22.1"
"ASN00009021","PERTH AIRPORT, AS","1953-03","4.4","22.3"
"ASN00009021","PERTH AIRPORT, AS","1953-04","28.5","18.4"
"ASN00009021","PERTH AIRPORT, AS","1953-05","165.9","15.9"
"ASN00009021","PERTH AIRPORT, AS","1953-06","227.5","13.3"
"ASN00009021","PERTH AIRPORT, AS","1953-07","153.2","12.7"
"ASN00009021","PERTH AIRPORT, AS","1953-08","84.2","12.3"
"ASN00009021","PERTH AIRPORT, AS","1953-09","55.1","14.5"
"ASN00009021","PERTH AIRPORT, AS","1953-10","83.8","14.9"
"ASN00009021","PERTH AIRPORT, AS","1953-11","36.9","17.9"
"ASN00009021","PERTH AIRPORT, AS","1953-12","0.3","19.6"
"ASN00009021","PERTH AIRPORT, AS","1954-01","14.3","24.3"
"ASN00009021","PERTH AIRPORT, AS","1954-02","0.5","24.1"
"ASN00009021","PERTH AIRPORT, AS","1954-03","0.8","20.6"
"ASN00009021","PERTH AIRPORT, AS","1954-04","29.4","16.7"
"ASN00009021","PERTH AIRPORT, AS","1954-05","125.1","14.7"
"ASN00009021","PERTH AIRPORT, AS","1954-06","118.0","12.5"
"ASN00009021","PERTH AIRPORT, AS","1954-07","168.5","12.6"
"ASN00009021","PERTH AIRPORT, AS","1954-08","156.4","12.5"
"ASN00009021","PERTH AIRPORT, AS","1954-09","40.4","14.8"
"ASN00009021","PERTH AIRPORT, AS","1954-10","19.9","16.8"
"ASN00009021","PERTH AIRPORT, AS","1954-11","25.0","15.9"
"ASN00009021","PERTH AIRPORT, AS","1954-12","9.0","20.7"
"ASN00009021","PERTH AIRPORT, AS","1955-01","3.1","24.4"
"ASN00009021","PERTH AIRPORT, AS","1955-02","120.7","26.1"
"ASN00009021","PERTH AIRPORT, AS","1955-03","6.3","23.1"
"ASN00009021","PERTH AIRPORT, AS","1955-04","68.8","18.6"
"ASN00009021","PERTH AIRPORT, AS","1955-05","107.5","15.0"
"ASN00009021","PERTH AIRPORT, AS","1955-06","107.1","11.2"
"ASN00009021","PERTH AIRPORT, AS","1955-07","162.9","11.9"
"ASN00009021","PERTH AIRPORT, AS","1955-08","340.3","13.3"
"ASN00009021","PERTH AIRPORT, AS","1955-09","104.2","14.0"
"ASN00009021","PERTH AIRPORT, AS","1955-10","124.5","14.4"
"ASN00009021","PERTH AIRPORT, AS","1955-11","6.7","17.7"
"ASN00009021","PERTH AIRPORT, AS","1955-12","12.6","21.1"
"ASN00009021","PERTH AIRPORT, AS","1956-01","0.0","25.4"
"ASN00009021","PERTH AIRPORT, AS","1956-02","1.3","24.2"
"ASN00009021","PERTH AIRPORT, AS","1956-03","31.6","23.0"
"ASN00009021","PERTH AIRPORT, AS","1956-04","50.8","17.2"
"ASN00009021","PERTH AIRPORT, AS","1956-05","220.9","14.1"
"ASN00009021","PERTH AIRPORT, AS","1956-06","181.3","11.7"
"ASN00009021","PERTH AIRPORT, AS","1956-07","202.2","11.9"
"ASN00009021","PERTH AIRPORT, AS","1956-08","29.7","11.2"
"ASN00009021","PERTH AIRPORT, AS","1956-09","53.5","14.1"
"ASN00009021","PERTH AIRPORT, AS","1956-10","28.3","14.6"
"ASN00009021","PERTH AIRPORT, AS","1956-11","35.2","18.9"
"ASN00009021","PERTH AIRPORT, AS","1956-12","4.6","20.4"
"ASN00009021","PERTH AIRPORT, AS","1957-01","10.9","24.3"
"ASN00009021","PERTH AIRPORT, AS","1957-02","0.5","23.3"
"ASN00009021","PERTH AIRPORT, AS","1957-03","5.1","21.7"
"ASN00009021","PERTH AIRPORT, AS","1957-04","64.0","18.3"
"ASN00009021","PERTH AIRPORT, AS","1957-05","94.5","15.9"
"ASN00009021","PERTH AIRPORT, AS","1957-06","301.2","14.1"
"ASN00009021","PERTH AIRPORT, AS","1957-07","100.2","11.1"
"ASN00009021","PERTH AIRPORT, AS","1957-08","151.0","13.3"
"ASN00009021","PERTH AIRPORT, AS","1957-09","38.2","13.8"
"ASN00009021","PERTH AIRPORT, AS","1957-10","50.0","16.5"
"ASN00009021","PERTH AIRPORT, AS","1957-11","1.3","19.4"
"ASN00009021","PERTH AIRPORT, AS","1957-12","2.1","22.1"
"ASN00009021","PERTH AIRPORT, AS","1958-01","10.2","25.6"
"ASN00009021","PERTH AIRPORT, AS","1958-02","0.6","23.9"
"ASN00009021","PERTH AIRPORT, AS","1958-03","0.5","22.7"
"ASN00009021","PERTH AIRPORT, AS","1958-04","12.6","17.7"
"ASN00009021","PERTH AIRPORT, AS","1958-05","111.2","16.6"
"ASN00009021","PERTH AIRPORT, AS","1958-06","65.3","13.6"
"ASN00009021","PERTH AIRPORT, AS","1958-07","446.7","12.0"
"ASN00009021","PERTH AIRPORT, AS","1958-08","48.8","12.2"
"ASN00009021","PERTH AIRPORT, AS","1958-09","33.4","13.5"
"ASN00009021","PERTH AIRPORT, AS","1958-10","71.2","14.9"
"ASN00009021","PERTH AIRPORT, AS","1958-11","15.2","20.1"
"ASN00009021","PERTH AIRPORT, AS","1958-12","9.9","24.0"
"ASN00009021","PERTH AIRPORT, AS","1959-01","4.1","23.2"
"ASN00009021","PERTH AIRPORT, AS","1959-02","3.4","24.4"
"ASN00009021","PERTH AIRPORT, AS","1959-03","12.2","23.3"
"ASN00009021","PERTH AIRPORT, AS","1959-04","28.3","18.1"
"ASN00009021","PERTH AIRPORT, AS","1959-05","33.7","16.8"
"ASN00009021","PERTH AIRPORT, AS","1959-06","197.7","14.9"
"ASN00009021","PERTH AIRPORT, AS","1959-07","63.8","14.3"
"ASN00009021","PERTH AIRPORT, AS","1959-08","123.6","14.3"
"ASN00009021","PERTH AIRPORT, AS","1959-09","28.7","14.9"
"ASN00009021","PERTH AIRPORT, AS","1959-10","60.5","15.9"
"ASN00009021","PERTH AIRPORT, AS","1959-11","31.1","19.3"
"ASN00009021","PERTH AIRPORT, AS","1959-12","13.8","20.8"
"ASN00009021","PERTH AIRPORT, AS","1960-01","22.9","21.5"
"ASN00009021","PERTH AIRPORT, AS","1960-02","7.2","24.3"
"ASN00009021","PERTH AIRPORT, AS","1960-03","54.8","20.2"
"ASN00009021","PERTH AIRPORT, AS","1960-04","23.2","16.9"
"ASN00009021","PERTH AIRPORT, AS","1960-05","144.6","13.5"
"ASN00009021","PERTH AIRPORT, AS","1960-06","124.2","12.5"
"ASN00009021","PERTH AIRPORT, AS","1960-07","195.5","11.6"
"ASN00009021","PERTH AIRPORT, AS","1960-08","53.9","11.4"
"ASN00009021","PERTH AIRPORT, AS","1960-09","66.8","13.6"
"ASN00009021","PERTH AIRPORT, AS","1960-10","23.1","16.6"
"ASN00009021","PERTH AIRPORT, AS","1960-11","6.9","19.1"
"ASN00009021","PERTH AIRPORT, AS","1960-12","8.4","22.8"
"ASN00009021","PERTH AIRPORT, AS","1961-01","11.0","26.6"
"ASN00009021","PERTH AIRPORT, AS","1961-02","5.5","25.0"
"ASN00009021","PERTH AIRPORT, AS","1961-03","43.4","22.8"
"ASN00009021","PERTH AIRPORT, AS","1961-04","95.5","17.0"
"ASN00009021","PERTH AIRPORT, AS","1961-05","48.5","15.9"
"ASN00009021","PERTH AIRPORT, AS","1961-06","192.1","13.6"
"ASN00009021","PERTH AIRPORT, AS","1961-07","161.3","12.1"
"ASN00009021","PERTH AIRPORT, AS","1961-08","161.2","13.0"
"ASN00009021","PERTH AIRPORT, AS","1961-09","57.7","15.5"
"ASN00009021","PERTH AIRPORT, AS","1961-10","36.1","16.8"
"ASN00009021","PERTH AIRPORT, AS","1961-11","2.0","19.8"
"ASN00009021","PERTH AIRPORT, AS","1961-12","15.8","22.5"
"ASN00009021","PERTH AIRPORT, AS","1962-01","0.8","27.6"
"ASN00009021","PERTH AIRPORT, AS","1962-02","4.4","24.7"
"ASN00009021","PERTH AIRPORT, AS","1962-03","0.0","20.8"
"ASN00009021","PERTH AIRPORT, AS","1962-04","12.5","20.7"
"ASN00009021","PERTH AIRPORT, AS","1962-05","170.6","17.8"
"ASN00009021","PERTH AIRPORT, AS","1962-06","169.6","14.5"
"ASN00009021","PERTH AIRPORT, AS","1962-07","172.5","11.9"
"ASN00009021","PERTH AIRPORT, AS","1962-08","76.2","13.5"
"ASN00009021","PERTH AIRPORT, AS","1962-09","56.6","14.1"
"ASN00009021","PERTH AIRPORT, AS","1962-10","47.9","14.5"
"ASN00009021","PERTH AIRPORT, AS","1962-11","45.8","18.9"
"ASN00009021","PERTH AIRPORT, AS","1962-12","13.8","23.5"
"ASN00009021","PERTH AIRPORT, AS","1963-01","10.9","24.8"
"ASN00009021","PERTH AIRPORT, AS","1963-02","14.5","25.0"
"ASN00009021","PERTH AIRPORT, AS","1963-03","18.7","24.2"
"ASN00009021","PERTH AIRPORT, AS","1963-04","50.8","19.6"
"ASN00009021","PERTH AIRPORT, AS","1963-05","225.0","16.5"
"ASN00009021","PERTH AIRPORT, AS","1963-06","230.6","13.6"
"ASN00009021","PERTH AIRPORT, AS","1963-07","186.3","13.4"
"ASN00009021","PERTH AIRPORT, AS","1963-08","185.2","13.7"
"ASN00009021","PERTH AIRPORT, AS","1963-09","76.6","15.5"
"ASN00009021","PERTH AIRPORT, AS","1963-10","36.3","17.9"
"ASN00009021","PERTH AIRPORT, AS","1963-11","4.9","20.5"
"ASN00009021","PERTH AIRPORT, AS","1963-12","0.8","22.6"
"ASN00009021","PERTH AIRPORT, AS","1964-01","0.3","23.7"
"ASN00009021","PERTH AIRPORT, AS","1964-02","6.4","24.0"
"ASN00009021","PERTH AIRPORT, AS","1964-03","6.2","22.5"
"ASN00009021","PERTH AIRPORT, AS","1964-04","71.8","18.1"
"ASN00009021","PERTH AIRPORT, AS","1964-05","15.0","15.3"
"ASN00009021","PERTH AIRPORT, AS","1964-06","318.4","15.7"
"ASN00009021","PERTH AIRPORT, AS","1964-07","248.1","14.1"
"ASN00009021","PERTH AIRPORT, AS","1964-08","164.9","13.6"
"ASN00009021","PERTH AIRPORT, AS","1964-09","95.2","13.7"
"ASN00009021","PERTH AIRPORT, AS","1964-10","69.1","14.6"
"ASN00009021","PERTH AIRPORT, AS","1964-11","8.1","18.0"
"ASN00009021","PERTH AIRPORT, AS","1964-12","29.0","21.1"
"ASN00009021","PERTH AIRPORT, AS","1965-01","2.3","25.1"
"ASN00009021","PERTH AIRPORT, AS","1965-02","1.0","23.6"
"ASN00009021","PERTH AIRPORT, AS","1965-03","8.5","22.8"
"ASN00009021","PERTH AIRPORT, AS","1965-04","21.8","20.4"
"ASN00009021","PERTH AIRPORT, AS","1965-05","144.2","15.6"
"ASN00009021","PERTH AIRPORT, AS","1965-06","217.4","14.2"
"ASN00009021","PERTH AIRPORT, AS","1965-07","150.0","12.6"
"ASN00009021","PERTH AIRPORT, AS","1965-08","173.5","13.2"
"ASN00009021","PERTH AIRPORT, AS","1965-09","66.0","14.2"
"ASN00009021","PERTH AIRPORT, AS","1965-10","103.5","17.4"
"ASN00009021","PERTH AIRPORT, AS","1965-11","50.8","18.8"
"ASN00009021","PERTH AIRPORT, AS","1965-12","24.1","23.4"
"ASN00009021","PERTH AIRPORT, AS","1966-01","2.9","24.3"
"ASN00009021","PERTH AIRPORT, AS","1966-02","2.9","23.2"
"ASN00009021","PERTH AIRPORT, AS","1966-03","5.7","22.3"
"ASN00009021","PERTH AIRPORT, AS","1966-04","35.9","18.4"
"ASN00009021","PERTH AIRPORT, AS","1966-05","61.7","15.8"
"ASN00009021","PERTH AIRPORT, AS","1966-06","173.7","13.2"
"ASN00009021","PERTH AIRPORT, AS","1966-07","197.2","12.6"
"ASN00009021","PERTH AIRPORT, AS","1966-08","69.2","12.6"
"ASN00009021","PERTH AIRPORT, AS","1966-09","75.2","13.4"
"ASN00009021","PERTH AIRPORT, AS","1966-10","37.1","16.3"
"ASN00009021","PERTH AIRPORT, AS","1966-11","7.7","19.6"
"ASN00009021","PERTH AIRPORT, AS","1966-12","12.0","21.9"
"ASN00009021","PERTH AIRPORT, AS","1967-01","1.8","24.3"
"ASN00009021","PERTH AIRPORT, AS","1967-02","7.6","26.4"
"ASN00009021","PERTH AIRPORT, AS","1967-03","7.6","22.0"
"ASN00009021","PERTH AIRPORT, AS","1967-04","74.9","19.9"
"ASN00009021","PERTH AIRPORT, AS","1967-05","229.0","16.2"
"ASN00009021","PERTH AIRPORT, AS","1967-06","242.7","15.4"
"ASN00009021","PERTH AIRPORT, AS","1967-07","166.1","12.3"
"ASN00009021","PERTH AIRPORT, AS","1967-08","99.3","12.6"
"ASN00009021","PERTH AIRPORT, AS","1967-09","36.1","14.9"
"ASN00009021","PERTH AIRPORT, AS","1967-10","34.4","18.1"
"ASN00009021","PERTH AIRPORT, AS","1967-11","16.5","19.6"
"ASN00009021","PERTH AIRPORT, AS","1967-12","26.2","22.3"
"ASN00009021","PERTH AIRPORT, AS","1968-01","17.1","24.0"
"ASN00009021","PERTH AIRPORT, AS","1968-02","19.4","23.2"
"ASN00009021","PERTH AIRPORT, AS","1968-03","61.9","20.2"
"ASN00009021","PERTH AIRPORT, AS","1968-04","74.9","16.3"
"ASN00009021","PERTH AIRPORT, AS","1968-05","63.1","13.3"
"ASN00009021","PERTH AIRPORT, AS","1968-06","226.5","13.5"
"ASN00009021","PERTH AIRPORT, AS","1968-07","185.1","12.9"
"ASN00009021","PERTH AIRPORT, AS","1968-08","94.7","11.3"
"ASN00009021","PERTH AIRPORT, AS","1968-09","129.7","13.4"
"ASN00009021","PERTH AIRPORT, AS","1968-10","47.8","15.6"
"ASN00009021","PERTH AIRPORT, AS","1968-11","6.9","17.5"
"ASN00009021","PERTH AIRPORT, AS","1968-12","3.1","21.2"
"ASN00009021","PERTH AIRPORT, AS","1969-01","5.1","22.1"
"ASN00009021","PERTH AIRPORT, AS","1969-02","0.3","24.0"
"ASN00009021","PERTH AIRPORT, AS","1969-03","16.2","21.6"
"ASN00009021","PERTH AIRPORT, AS","1969-04","51.8","19.0"
"ASN00009021","PERTH AIRPORT, AS","1969-05","58.1","15.9"
"ASN00009021","PERTH AIRPORT, AS","1969-06","208.1","14.4"
"ASN00009021","PERTH AIRPORT, AS","1969-07","86.1","12.4"
"ASN00009021","PERTH AIRPORT, AS","1969-08","52.2","12.8"
"ASN00009021","PERTH AIRPORT, AS","1969-09","11.5","13.7"
"ASN00009021","PERTH AIRPORT, AS","1969-10","1.3","19.3"
"ASN00009021","PERTH AIRPORT, AS","1969-11","23.9","20.4"
"ASN00009021","PERTH AIRPORT, AS","1969-12","9.2","22.5"
"ASN00009021","PERTH AIRPORT, AS","1970-01","1.3","23.0"
"ASN00009021","PERTH AIRPORT, AS","1970-02","46.3","25.7"
"ASN00009021","PERTH AIRPORT, AS","1970-03","1.6","23.5"
"ASN00009021","PERTH AIRPORT, AS","1970-04","69.7","17.6"
"ASN00009021","PERTH AIRPORT, AS","1970-05","155.0","15.7"
"ASN00009021","PERTH AIRPORT, AS","1970-06","229.8","14.6"
"ASN00009021","PERTH AIRPORT, AS","1970-07","132.0","13.9"
"ASN00009021","PERTH AIRPORT, AS","1970-08","79.3","13.4"
"ASN00009021","PERTH AIRPORT, AS","1970-09","76.0","14.2"
"ASN00009021","PERTH AIRPORT, AS","1970-10","39.8","16.7"
"ASN00009021","PERTH AIRPORT, AS","1970-11","12.1","18.5"
"ASN00009021","PERTH AIRPORT, AS","1970-12","4.6","22.7"
"ASN00009021","PERTH AIRPORT, AS","1971-01","17.6","23.2"
"ASN00009021","PERTH AIRPORT, AS","1971-02","8.4","23.6"
"ASN00009021","PERTH AIRPORT, AS","1971-03","54.1","22.7"
"ASN00009021","PERTH AIRPORT, AS","1971-04","22.8","17.7"
"ASN00009021","PERTH AIRPORT, AS","1971-05","83.1","15.5"
"ASN00009021","PERTH AIRPORT, AS","1971-06","93.7","13.8"
"ASN00009021","PERTH AIRPORT, AS","1971-07","108.4","12.9"
"ASN00009021","PERTH AIRPORT, AS","1971-08","83.2","12.8"
"ASN00009021","PERTH AIRPORT, AS","1971-09","163.0","14.0"
"ASN00009021","PERTH AIRPORT, AS","1971-10","124.8","14.6"
"ASN00009021","PERTH AIRPORT, AS","1971-11","14.6","16.6"
"ASN00009021","PERTH AIRPORT, AS","1971-12","2.3","20.4"
"ASN00009021","PERTH AIRPORT, AS","1972-01","0.0","24.6"
"ASN00009021","PERTH AIRPORT, AS","1972-02","0.0","26.5"
"ASN00009021","PERTH AIRPORT, AS","1972-03","4.9","23.3"
"ASN00009021","PERTH AIRPORT, AS","1972-04","28.3","18.4"
"ASN00009021","PERTH AIRPORT, AS","1972-05","23.1","17.8"
"ASN00009021","PERTH AIRPORT, AS","1972-06","135.1","13.8"
"ASN00009021","PERTH AIRPORT, AS","1972-07","142.8","12.6"
"ASN00009021","PERTH AIRPORT, AS","1972-08","154.7","12.8"
"ASN00009021","PERTH AIRPORT, AS","1972-09","36.6","14.8"
"ASN00009021","PERTH AIRPORT, AS","1972-10","47.1","16.1"
"ASN00009021","PERTH AIRPORT, AS","1972-11","2.9","21.1"
"ASN00009021","PERTH AIRPORT, AS","1972-12","1.3","24.1"
"ASN00009021","PERTH AIRPORT, AS","1973-01","13.2","24.8"
"ASN00009021","PERTH AIRPORT, AS","1973-02","0.5","22.9"
"ASN00009021","PERTH AIRPORT, AS","1973-03","0.0","22.1"
"ASN00009021","PERTH AIRPORT, AS","1973-04","63.7","18.7"
"ASN00009021","PERTH AIRPORT, AS","1973-05","108.6","16.2"
"ASN00009021","PERTH AIRPORT, AS","1973-06","189.2","12.6"
"ASN00009021","PERTH AIRPORT, AS","1973-07","219.6","13.5"
"ASN00009021","PERTH AIRPORT, AS","1973-08","107.2","12.9"
"ASN00009021","PERTH AIRPORT, AS","1973-09","144.0","13.5"
"ASN00009021","PERTH AIRPORT, AS","1973-10","55.6","15.9"
"ASN00009021","PERTH AIRPORT, AS","1973-11","13.0","19.9"
"ASN00009021","PERTH AIRPORT, AS","1973-12","0.0","21.0"
"ASN00009021","PERTH AIRPORT, AS","1974-01","0.4","25.8"
"ASN00009021","PERTH AIRPORT, AS","1974-02","13.7","23.9"
"ASN00009021","PERTH AIRPORT, AS","1974-03","0.2","24.0"
"ASN00009021","PERTH AIRPORT, AS","1974-04","80.2","18.4"
"ASN00009021","PERTH AIRPORT, AS","1974-05","201.6","15.5"
"ASN00009021","PERTH AIRPORT, AS","1974-06","92.5","13.9"
"ASN00009021","PERTH AIRPORT, AS","1974-07","234.0","13.1"
"ASN00009021","PERTH AIRPORT, AS","1974-08","130.2","13.5"
"ASN00009021","PERTH AIRPORT, AS","1974-09","27.9","15.1"
"ASN00009021","PERTH AIRPORT, AS","1974-10","69.3","14.8"
"ASN00009021","PERTH AIRPORT, AS","1974-11","25.6","17.2"
"ASN00009021","PERTH AIRPORT, AS","1974-12","0.2","21.8"
"ASN00009021","PERTH AIRPORT, AS","1975-01","0.3","23.0"
"ASN00009021","PERTH AIRPORT, AS","1975-02","0.0","27.0"
"ASN00009021","PERTH AIRPORT, AS","1975-03","17.4","21.7"
"ASN00009021","PERTH AIRPORT, AS","1975-04","32.8","18.6"
"ASN00009021","PERTH AIRPORT, AS","1975-05","67.3","15.3"
"ASN00009021","PERTH AIRPORT, AS","1975-06","156.4","14.4"
"ASN00009021","PERTH AIRPORT, AS","1975-07","208.6","13.5"
"ASN00009021","PERTH AIRPORT, AS","1975-08","84.4","12.8"
"ASN00009021","PERTH AIRPORT, AS","1975-09","58.6","14.0"
"ASN00009021","PERTH AIRPORT, AS","1975-10","46.9","16.1"
"ASN00009021","PERTH AIRPORT, AS","1975-11","18.9","18.1"
"ASN00009021","PERTH AIRPORT, AS","1975-12","0.8","22.7"
"ASN00009021","PERTH AIRPORT, AS","1976-01","23.8","23.9"
"ASN00009021","PERTH AIRPORT, AS","1976-02","34.7","26.6"
"ASN00009021","PERTH AIRPORT, AS","1976-03","0.8","23.7"
"ASN00009021","PERTH AIRPORT, AS","1976-04","76.2","20.1"
"ASN00009021","PERTH AIRPORT, AS","1976-05","69.8","17.1"
"ASN00009021","PERTH AIRPORT, AS","1976-06","87.6","13.9"
"ASN00009021","PERTH AIRPORT, AS","1976-07","102.8","14.3"
"ASN00009021","PERTH AIRPORT, AS","1976-08","145.1","13.8"
"ASN00009021","PERTH AIRPORT, AS","1976-09","72.2","14.8"
"ASN00009021","PERTH AIRPORT, AS","1976-10","46.2","17.8"
"ASN00009021","PERTH AIRPORT, AS","1976-11","55.0","17.4"
"ASN00009021","PERTH AIRPORT, AS","1976-12","7.8","21.4"
"ASN00009021","PERTH AIRPORT, AS","1977-01","5.0","23.8"
"ASN00009021","PERTH AIRPORT, AS","1977-02","10.8","25.7"
"ASN00009021","PERTH AIRPORT, AS","1977-03","6.2","21.0"
"ASN00009021","PERTH AIRPORT, AS","1977-04","1.2","20.6"
"ASN00009021","PERTH AIRPORT, AS","1977-05","110.8","15.4"
"ASN00009021","PERTH AIRPORT, AS","1977-06","86.0","14.5"
"ASN00009021","PERTH AIRPORT, AS","1977-07","84.8","13.8"
"ASN00009021","PERTH AIRPORT, AS","1977-08","193.2","14.5"
"ASN00009021","PERTH AIRPORT, AS","1977-09","29.8","14.0"
"ASN00009021","PERTH AIRPORT, AS","1977-10","75.2","17.0"
"ASN00009021","PERTH AIRPORT, AS","1977-11","11.5","19.7"
"ASN00009021","PERTH AIRPORT, AS","1977-12","0.6","24.7"
"ASN00009021","PERTH AIRPORT, AS","1978-01","3.4","26.2"
"ASN00009021","PERTH AIRPORT, AS","1978-02","32.2","25.9"
"ASN00009021","PERTH AIRPORT, AS","1978-03","16.4","24.8"
"ASN00009021","PERTH AIRPORT, AS","1978-04","18.2","21.6"
"ASN00009021","PERTH AIRPORT, AS","1978-05","123.4","16.2"
"ASN00009021","PERTH AIRPORT, AS","1978-06","195.4","13.2"
"ASN00009021","PERTH AIRPORT, AS","1978-07","235.8","12.7"
"ASN00009021","PERTH AIRPORT, AS","1978-08","23.2","13.6"
"ASN00009021","PERTH AIRPORT, AS","1978-09","101.0","13.6"
"ASN00009021","PERTH AIRPORT, AS","1978-10","42.4","16.9"
"ASN00009021","PERTH AIRPORT, AS","1978-11","19.8","20.2"
"ASN00009021","PERTH AIRPORT, AS","1978-12","11.7","22.9"
"ASN00009021","PERTH AIRPORT, AS","1979-01","0.2","23.6"
"ASN00009021","PERTH AIRPORT, AS","1979-02","12.2","24.5"
"ASN00009021","PERTH AIRPORT, AS","1979-03","20.2","23.0"
"ASN00009021","PERTH AIRPORT, AS","1979-04","40.5","18.4"
"ASN00009021","PERTH AIRPORT, AS","1979-05","67.6","15.0"
"ASN00009021","PERTH AIRPORT, AS","1979-06","145.2","14.4"
"ASN00009021","PERTH AIRPORT, AS","1979-07","76.4","12.9"
"ASN00009021","PERTH AIRPORT, AS","1979-08","89.3","11.9"
"ASN00009021","PERTH AIRPORT, AS","1979-09","37.4","13.4"
"ASN00009021","PERTH AIRPORT, AS","1979-10","24.2","16.8"
"ASN00009021","PERTH AIRPORT, AS","1979-11","51.2","19.4"
"ASN00009021","PERTH AIRPORT, AS","1979-12","4.6","23.3"
"ASN00009021","PERTH AIRPORT, AS","1980-01","0.6","26.1"
"ASN00009021","PERTH AIRPORT, AS","1980-02","13.8","24.9"
"ASN00009021","PERTH AIRPORT, AS","1980-03","1.8","24.1"
"ASN00009021","PERTH AIRPORT, AS","1980-04","76.6","17.2"
"ASN00009021","PERTH AIRPORT, AS","1980-05","86.7","16.7"
"ASN00009021","PERTH AIRPORT, AS","1980-06","135.6","13.3"
"ASN00009021","PERTH AIRPORT, AS","1980-07","157.4","13.1"
"ASN00009021","PERTH AIRPORT, AS","1980-08","108.2","13.9"
"ASN00009021","PERTH AIRPORT, AS","1980-09","58.2","14.7"
"ASN00009021","PERTH AIRPORT, AS","1980-10","36.0","14.7"
"ASN00009021","PERTH AIRPORT, AS","1980-11","11.6","18.3"
"ASN00009021","PERTH AIRPORT, AS","1980-12","13.6","20.8"
"ASN00009021","PERTH AIRPORT, AS","1981-01","1.0","25.4"
"ASN00009021","PERTH AIRPORT, AS","1981-02","11.8","22.2"
"ASN00009021","PERTH AIRPORT, AS","1981-03","6.4","22.7"
"ASN00009021","PERTH AIRPORT, AS","1981-04","32.2","20.4"
"ASN00009021","PERTH AIRPORT, AS","1981-05","160.2","16.7"
"ASN00009021","PERTH AIRPORT, AS","1981-06","159.2","12.5"
"ASN00009021","PERTH AIRPORT, AS","1981-07","152.6","12.9"
"ASN00009021","PERTH AIRPORT, AS","1981-08","131.8","13.3"
"ASN00009021","PERTH AIRPORT, AS","1981-09","57.6","15.6"
"ASN00009021","PERTH AIRPORT, AS","1981-10","34.8","16.5"
"ASN00009021","PERTH AIRPORT, AS","1981-11","35.2","17.8"
"ASN00009021","PERTH AIRPORT, AS","1981-12","8.6","21.1"
"ASN00009021","PERTH AIRPORT, AS","1982-01","72.6","22.6"
"ASN00009021","PERTH AIRPORT, AS","1982-02","6.6","24.9"
"ASN00009021","PERTH AIRPORT, AS","1982-03","16.6","21.6"
"ASN00009021","PERTH AIRPORT, AS","1982-04","0.0","19.1"
"ASN00009021","PERTH AIRPORT, AS","1982-05","55.8","15.6"
"ASN00009021","PERTH AIRPORT, AS","1982-06","168.6","13.3"
"ASN00009021","PERTH AIRPORT, AS","1982-07","152.6","12.7"
"ASN00009021","PERTH AIRPORT, AS","1982-08","74.0","14.0"
"ASN00009021","PERTH AIRPORT, AS","1982-09","84.4","14.9"
"ASN00009021","PERTH AIRPORT, AS","1982-10","26.2","17.7"
"ASN00009021","PERTH AIRPORT, AS","1982-11","2.4","21.3"
"ASN00009021","PERTH AIRPORT, AS","1982-12","5.0","21.9"
"ASN00009021","PERTH AIRPORT, AS","1983-01","1.2","25.4"
"ASN00009021","PERTH AIRPORT, AS","1983-02","21.6","23.0"
"ASN00009021","PERTH AIRPORT, AS","1983-03","3.8","24.9"
"ASN00009021","PERTH AIRPORT, AS","1983-04","15.8","19.2"
"ASN00009021","PERTH AIRPORT, AS","1983-05","23.4","17.4"
"ASN00009021","PERTH AIRPORT, AS","1983-06","232.2","16.1"
"ASN00009021","PERTH AIRPORT, AS","1983-07","113.8","13.2"
"ASN00009021","PERTH AIRPORT, AS","1983-08","138.0","15.0"
"ASN00009021","PERTH AIRPORT, AS","1983-09","100.4","15.6"
"ASN00009021","PERTH AIRPORT, AS","1983-10","8.6","17.4"
"ASN00009021","PERTH AIRPORT, AS","1983-11","45.0","19.5"
"ASN00009021","PERTH AIRPORT, AS","1983-12","16.8","22.5"
"ASN00009021","PERTH AIRPORT, AS","1984-01","0.8","24.6"
"ASN00009021","PERTH AIRPORT, AS","1984-02","3.6","25.7"
"ASN00009021","PERTH AIRPORT, AS","1984-03","29.2","20.9"
"ASN00009021","PERTH AIRPORT, AS","1984-04","59.6","20.4"
"ASN00009021","PERTH AIRPORT, AS","1984-05","143.4","16.3"
"ASN00009021","PERTH AIRPORT, AS","1984-06","114.4","14.0"
"ASN00009021","PERTH AIRPORT, AS","1984-07","82.2","12.5"
"ASN00009021","PERTH AIRPORT, AS","1984-08","112.4","12.8"
"ASN00009021","PERTH AIRPORT, AS","1984-09","102.8","14.5"
"ASN00009021","PERTH AIRPORT, AS","1984-10","25.8","16.7"
"ASN00009021","PERTH AIRPORT, AS","1984-11","61.2","19.4"
"ASN00009021","PERTH AIRPORT, AS","1984-12","12.8","19.6"
"ASN00009021","PERTH AIRPORT, AS","1985-01","1.0","22.8"
"ASN00009021","PERTH AIRPORT, AS","1985-02","1.8","28.9"
"ASN00009021","PERTH AIRPORT, AS","1985-03","4.6","24.1"
"ASN00009021","PERTH AIRPORT, AS","1985-04","46.8","19.2"
"ASN00009021","PERTH AIRPORT, AS","1985-05","74.6","16.4"
"ASN00009021","PERTH AIRPORT, AS","1985-06","82.2","15.0"
"ASN00009021","PERTH AIRPORT, AS","1985-07","154.2","13.6"
"ASN00009021","PERTH AIRPORT, AS","1985-08","145.0","13.3"
"ASN00009021","PERTH AIRPORT, AS","1985-09","54.2","15.3"
"ASN00009021","PERTH AIRPORT, AS","1985-10","22.6","16.5"
"ASN00009021","PERTH AIRPORT, AS","1985-11","25.0","20.4"
"ASN00009021","PERTH AIRPORT, AS","1985-12","8.2","19.8"
"ASN00009021","PERTH AIRPORT, AS","1986-01","2.4","26.0"
"ASN00009021","PERTH AIRPORT, AS","1986-02","93.0","22.5"
"ASN00009021","PERTH AIRPORT, AS","1986-03","28.8","21.4"
"ASN00009021","PERTH AIRPORT, AS","1986-04","1.4","18.1"
"ASN00009021","PERTH AIRPORT, AS","1986-05","152.2","15.7"
"ASN00009021","PERTH AIRPORT, AS","1986-06","193.0","13.8"
"ASN00009021","PERTH AIRPORT, AS","1986-07","198.4","11.2"
"ASN00009021","PERTH AIRPORT, AS","1986-08","119.2","11.7"
"ASN00009021","PERTH AIRPORT, AS","1986-09","52.0","14.9"
"ASN00009021","PERTH AIRPORT, AS","1986-10","40.8","14.7"
"ASN00009021","PERTH AIRPORT, AS","1986-11","19.6","19.6"
"ASN00009021","PERTH AIRPORT, AS","1986-12","0.2","21.7"
"ASN00009021","PERTH AIRPORT, AS","1987-01","1.6","22.8"
"ASN00009021","PERTH AIRPORT, AS","1987-02","0.0","24.6"
"ASN00009021","PERTH AIRPORT, AS","1987-03","15.4","23.1"
"ASN00009021","PERTH AIRPORT, AS","1987-04","58.8","20.0"
"ASN00009021","PERTH AIRPORT, AS","1987-05","80.2","15.0"
"ASN00009021","PERTH AIRPORT, AS","1987-06","195.2","15.2"
"ASN00009021","PERTH AIRPORT, AS","1987-07","189.8","13.2"
"ASN00009021","PERTH AIRPORT, AS","1987-08","84.2","13.4"
"ASN00009021","PERTH AIRPORT, AS","1987-09","42.2","15.6"
"ASN00009021","PERTH AIRPORT, AS","1987-10","22.4","17.0"
"ASN00009021","PERTH AIRPORT, AS","1987-11","30.6","18.7"
"ASN00009021","PERTH AIRPORT, AS","1987-12","23.0","22.1"
"ASN00009021","PERTH AIRPORT, AS","1988-01","0.2","22.9"
"ASN00009021","PERTH AIRPORT, AS","1988-02","0.0","26.5"
"ASN00009021","PERTH AIRPORT, AS","1988-03","11.8","25.2"
"ASN00009021","PERTH AIRPORT, AS","1988-04","89.4","20.8"
"ASN00009021","PERTH AIRPORT, AS","1988-05","125.0","16.8"
"ASN00009021","PERTH AIRPORT, AS","1988-06","229.4","15.0"
"ASN00009021","PERTH AIRPORT, AS","1988-07","158.4","13.4"
"ASN00009021","PERTH AIRPORT, AS","1988-08","92.2","13.9"
"ASN00009021","PERTH AIRPORT, AS","1988-09","110.8","15.5"
"ASN00009021","PERTH AIRPORT, AS","1988-10","52.0","16.5"
"ASN00009021","PERTH AIRPORT, AS","1988-11","33.8","19.6"
"ASN00009021","PERTH AIRPORT, AS","1988-12","11.4","22.3"
"ASN00009021","PERTH AIRPORT, AS","1989-01","15.2","25.3"
"ASN00009021","PERTH AIRPORT, AS","1989-02","30.2","25.1"
"ASN00009021","PERTH AIRPORT, AS","1989-03","0.4","24.0"
"ASN00009021","PERTH AIRPORT, AS","1989-04","44.8","20.2"
"ASN00009021","PERTH AIRPORT, AS","1989-05","116.4","16.7"
"ASN00009021","PERTH AIRPORT, AS","1989-06","66.4","13.2"
"ASN00009021","PERTH AIRPORT, AS","1989-07","154.6","12.0"
"ASN00009021","PERTH AIRPORT, AS","1989-08","82.4","13.3"
"ASN00009021","PERTH AIRPORT, AS","1989-09","67.0","15.0"
"ASN00009021","PERTH AIRPORT, AS","1989-10","81.0","15.1"
"ASN00009021","PERTH AIRPORT, AS","1989-11","8.0","20.8"
"ASN00009021","PERTH AIRPORT, AS","1989-12","7.6","21.0"
"ASN00009021","PERTH AIRPORT, AS","1990-01","62.6","22.6"
"ASN00009021","PERTH AIRPORT, AS","1990-02","19.8","24.8"
"ASN00009021","PERTH AIRPORT, AS","1990-03","58.8","23.2"
"ASN00009021","PERTH AIRPORT, AS","1990-04","67.6","19.2"
"ASN00009021","PERTH AIRPORT, AS","1990-05","59.4","15.8"
"ASN00009021","PERTH AIRPORT, AS","1990-06","76.8","12.0"
"ASN00009021","PERTH AIRPORT, AS","1990-07","138.4","12.0"
"ASN00009021","PERTH AIRPORT, AS","1990-08","88.0","12.8"
"ASN00009021","PERTH AIRPORT, AS","1990-09","56.2","15.3"
"ASN00009021","PERTH AIRPORT, AS","1990-10","48.8","15.7"
"ASN00009021","PERTH AIRPORT, AS","1990-11","21.6","19.2"
"ASN00009021","PERTH AIRPORT, AS","1990-12","6.8","21.4"
"ASN00009021","PERTH AIRPORT, AS","1991-01","0.0","25.4"
"ASN00009021","PERTH AIRPORT, AS","1991-02","16.4","24.5"
"ASN00009021","PERTH AIRPORT, AS","1991-03","2.8","22.5"
"ASN00009021","PERTH AIRPORT, AS","1991-04","58.6","20.8"
"ASN00009021","PERTH AIRPORT, AS","1991-05","106.8","16.4"
"ASN00009021","PERTH AIRPORT, AS","1991-06","246.6","14.5"
"ASN00009021","PERTH AIRPORT, AS","1991-07","160.2","13.4"
"ASN00009021","PERTH AIRPORT, AS","1991-08","95.6","14.0"
"ASN00009021","PERTH AIRPORT, AS","1991-09","83.2","14.2"
"ASN00009021","PERTH AIRPORT, AS","1991-10","36.8","17.8"
"ASN00009021","PERTH AIRPORT, AS","1991-11","66.4","17.7"
"ASN00009021","PERTH AIRPORT, AS","1991-12","30.4","22.6"
"ASN00009021","PERTH AIRPORT, AS","1992-01","4.0","26.3"
"ASN00009021","PERTH AIRPORT, AS","1992-02","150.4","23.9"
"ASN00009021","PERTH AIRPORT, AS","1992-03","31.8","22.2"
"ASN00009021","PERTH AIRPORT, AS","1992-04","16.8","20.3"
"ASN00009021","PERTH AIRPORT, AS","1992-05","65.0","15.5"
"ASN00009021","PERTH AIRPORT, AS","1992-06","226.4","14.7"
"ASN00009021","PERTH AIRPORT, AS","1992-07","113.0","14.3"
"ASN00009021","PERTH AIRPORT, AS","1992-08","193.2","13.1"
"ASN00009021","PERTH AIRPORT, AS","1992-09","57.4","13.4"
"ASN00009021","PERTH AIRPORT, AS","1992-10","23.6","16.7"
"ASN00009021","PERTH AIRPORT, AS","1992-11","75.8","18.9"
"ASN00009021","PERTH AIRPORT, AS","1992-12","2.6","21.7"
"ASN00009021","PERTH AIRPORT, AS","1993-01","0.8","24.7"
"ASN00009021","PERTH AIRPORT, AS","1993-02","35.4","23.9"
"ASN00009021","PERTH AIRPORT, AS","1993-03","5.6","21.6"
"ASN00009021","PERTH AIRPORT, AS","1993-04","14.4","18.7"
"ASN00009021","PERTH AIRPORT, AS","1993-05","114.4","16.1"
"ASN00009021","PERTH AIRPORT, AS","1993-06","81.8","13.6"
"ASN00009021","PERTH AIRPORT, AS","1993-07","134.2","13.1"
"ASN00009021","PERTH AIRPORT, AS","1993-08","149.2","12.8"
"ASN00009021","PERTH AIRPORT, AS","1993-09","91.8","14.5"
"ASN00009021","PERTH AIRPORT, AS","1993-10","31.2","14.9"
"ASN00009021","PERTH AIRPORT, AS","1993-11","6.4","20.5"
"ASN00009021","PERTH AIRPORT, AS","1993-12","0.8","23.1"
"ASN00009021","PERTH AIRPORT, AS","1994-01","0.0","24.0"
"ASN00009021","PERTH AIRPORT, AS","1994-02","0.2","23.5"
"ASN00009021","PERTH AIRPORT, AS","1994-03","2.0","24.2"
"ASN00009021","PERTH AIRPORT, AS","1994-04","3.4","21.3"
"ASN00009021","PERTH AIRPORT, AS","1994-05","86.4","17.4"
"ASN00009021","PERTH AIRPORT, AS","1994-06","150.0","13.9"
"ASN00009021","PERTH AIRPORT, AS","1994-07","153.2","14.0"
"ASN00009021","PERTH AIRPORT, AS","1994-08","131.4","14.2"
"ASN00009021","PERTH AIRPORT, AS","1994-09","66.0","15.8"
"ASN00009021","PERTH AIRPORT, AS","1994-10","10.8","16.9"
"ASN00009021","PERTH AIRPORT, AS","1994-11","5.4","21.2"
"ASN00009021","PERTH AIRPORT, AS","1994-12","0.2","24.0"
"ASN00009021","PERTH AIRPORT, AS","1995-01","0.0","26.0"
"ASN00009021","PERTH AIRPORT, AS","1995-02","20.6","25.7"
"ASN00009021","PERTH AIRPORT, AS","1995-03","15.4","24.8"
"ASN00009021","PERTH AIRPORT, AS","1995-04","10.6","19.8"
"ASN00009021","PERTH AIRPORT, AS","1995-05","138.6","15.9"
"ASN00009021","PERTH AIRPORT, AS","1995-06","122.8","13.1"
"ASN00009021","PERTH AIRPORT, AS","1995-07","217.6","13.7"
"ASN00009021","PERTH AIRPORT, AS","1995-08","76.0","14.2"
"ASN00009021","PERTH AIRPORT, AS","1995-09","55.4","15.3"
"ASN00009021","PERTH AIRPORT, AS","1995-10","87.2","17.4"
"ASN00009021","PERTH AIRPORT, AS","1995-11","46.6","18.9"
"ASN00009021","PERTH AIRPORT, AS","1995-12","2.4","22.1"
"ASN00009021","PERTH AIRPORT, AS","1996-01","1.8","24.1"
"ASN00009021","PERTH AIRPORT, AS","1996-02","0.4","27.7"
"ASN00009021","PERTH AIRPORT, AS","1996-03","4.8","22.5"
"ASN00009021","PERTH AIRPORT, AS","1996-04","16.6","20.5"
"ASN00009021","PERTH AIRPORT, AS","1996-05","50.0","17.5"
"ASN00009021","PERTH AIRPORT, AS","1996-06","232.0","14.9"
"ASN00009021","PERTH AIRPORT, AS","1996-07","217.6","14.4"
"ASN00009021","PERTH AIRPORT, AS","1996-08","117.8","13.5"
"ASN00009021","PERTH AIRPORT, AS","1996-09","133.6","15.1"
"ASN00009021","PERTH AIRPORT, AS","1996-10","53.2","17.5"
"ASN00009021","PERTH AIRPORT, AS","1996-11","44.6","19.9"
"ASN00009021","PERTH AIRPORT, AS","1996-12","16.8","21.4"
"ASN00009021","PERTH AIRPORT, AS","1997-01","0.8","26.2"
"ASN00009021","PERTH AIRPORT, AS","1997-02","8.0","25.7"
"ASN00009021","PERTH AIRPORT, AS","1997-03","29.8","22.2"
"ASN00009021","PERTH AIRPORT, AS","1997-04","28.2","20.6"
"ASN00009021","PERTH AIRPORT, AS","1997-05","78.8","16.1"
"ASN00009021","PERTH AIRPORT, AS","1997-06","110.4","15.0"
"ASN00009021","PERTH AIRPORT, AS","1997-07","125.0","12.6"
"ASN00009021","PERTH AIRPORT, AS","1997-08","128.2","13.2"
"ASN00009021","PERTH AIRPORT, AS","1997-09","105.6","14.9"
"ASN00009021","PERTH AIRPORT, AS","1997-10","31.6","17.6"
"ASN00009021","PERTH AIRPORT, AS","1997-11","6.6","19.1"
"ASN00009021","PERTH AIRPORT, AS","1997-12","0.0","23.8"
"ASN00009021","PERTH AIRPORT, AS","1998-01","2.6","25.0"
"ASN00009021","PERTH AIRPORT, AS","1998-02","0.0","24.5"
"ASN00009021","PERTH AIRPORT, AS","1998-03","29.8","24.4"
"ASN00009021","PERTH AIRPORT, AS","1998-04","12.4","19.7"
"ASN00009021","PERTH AIRPORT, AS","1998-05","78.8","18.2"
"ASN00009021","PERTH AIRPORT, AS","1998-06","128.4","13.7"
"ASN00009021","PERTH AIRPORT, AS","1998-07","103.0","11.8"
"ASN00009021","PERTH AIRPORT, AS","1998-08","155.6","15.2"
"ASN00009021","PERTH AIRPORT, AS","1998-09","114.4","14.2"
"ASN00009021","PERTH AIRPORT, AS","1998-10","36.4","16.9"
"ASN00009021","PERTH AIRPORT, AS","1998-11","13.2","19.9"
"ASN00009021","PERTH AIRPORT, AS","1998-12","9.6","23.0"
"ASN00009021","PERTH AIRPORT, AS","1999-01","45.6","24.6"
"ASN00009021","PERTH AIRPORT, AS","1999-02","0.6","25.9"
"ASN00009021","PERTH AIRPORT, AS","1999-03","27.4","22.6"
"ASN00009021","PERTH AIRPORT, AS","1999-04","13.8","21.8"
"ASN00009021","PERTH AIRPORT, AS","1999-05","111.4","17.5"
"ASN00009021","PERTH AIRPORT, AS","1999-06","137.8","14.4"
"ASN00009021","PERTH AIRPORT, AS","1999-07","116.0","14.1"
"ASN00009021","PERTH AIRPORT, AS","1999-08","156.6","13.5"
"ASN00009021","PERTH AIRPORT, AS","1999-09","91.8","14.7"
"ASN00009021","PERTH AIRPORT, AS","1999-10","78.8","16.6"
"ASN00009021","PERTH AIRPORT, AS","1999-11","4.8","21.0"
"ASN00009021","PERTH AIRPORT, AS","1999-12","8.4","24.8"
"ASN00009021","PERTH AIRPORT, AS","2000-01","102.4","24.2"
"ASN00009021","PERTH AIRPORT, AS","2000-02","0.2","25.0"
"ASN00009021","PERTH AIRPORT, AS","2000-03","30.0","22.8"
"ASN00009021","PERTH AIRPORT, AS","2000-04","41.0","19.8"
"ASN00009021","PERTH AIRPORT, AS","2000-05","20.8","15.8"
"ASN00009021","PERTH AIRPORT, AS","2000-06","95.4","14.8"
"ASN00009021","PERTH AIRPORT, AS","2000-07","216.8","13.9"
"ASN00009021","PERTH AIRPORT, AS","2000-08","130.0","12.9"
"ASN00009021","PERTH AIRPORT, AS","2000-09","45.4","15.5"
"ASN00009021","PERTH AIRPORT, AS","2000-10","5.4","17.1"
"ASN00009021","PERTH AIRPORT, AS","2000-11","19.0","20.2"
"ASN00009021","PERTH AIRPORT, AS","2000-12","0.6","23.5"
"ASN00009021","PERTH AIRPORT, AS","2001-01","0.8","24.0"
"ASN00009021","PERTH AIRPORT, AS","2001-02","1.8","24.0"
"ASN00009021","PERTH AIRPORT, AS","2001-03","2.6","22.3"
"ASN00009021","PERTH AIRPORT, AS","2001-04","5.0","20.1"
"ASN00009021","PERTH AIRPORT, AS","2001-05","99.0","16.2"
"ASN00009021","PERTH AIRPORT, AS","2001-06","56.2","13.5"
"ASN00009021","PERTH AIRPORT, AS","2001-07","183.8","12.8"
"ASN00009021","PERTH AIRPORT, AS","2001-08","120.8","12.7"
"ASN00009021","PERTH AIRPORT, AS","2001-09","98.0","14.6"
"ASN00009021","PERTH AIRPORT, AS","2001-10","27.0","16.0"
"ASN00009021","PERTH AIRPORT, AS","2001-11","22.2","20.6"
"ASN00009021","PERTH AIRPORT, AS","2001-12","5.8","20.6"
"ASN00009021","PERTH AIRPORT, AS","2002-01","10.2","24.1"
"ASN00009021","PERTH AIRPORT, AS","2002-02","1.0","23.8"
"ASN00009021","PERTH AIRPORT, AS","2002-03","4.0","22.4"
"ASN00009021","PERTH AIRPORT, AS","2002-04","76.4","19.4"
"ASN00009021","PERTH AIRPORT, AS","2002-05","65.6","17.2"
"ASN00009021","PERTH AIRPORT, AS","2002-06","138.2","14.4"
"ASN00009021","PERTH AIRPORT, AS","2002-07","134.4","14.1"
"ASN00009021","PERTH AIRPORT, AS","2002-08","79.2","13.0"
"ASN00009021","PERTH AIRPORT, AS","2002-09","75.0","14.4"
"ASN00009021","PERTH AIRPORT, AS","2002-10","38.4","16.6"
"ASN00009021","PERTH AIRPORT, AS","2002-11","23.6","20.1"
"ASN00009021","PERTH AIRPORT, AS","2002-12","2.2","24.2"
"ASN00009021","PERTH AIRPORT, AS","2003-01","0.6","24.4"
"ASN00009021","PERTH AIRPORT, AS","2003-02","19.6","24.7"
"ASN00009021","PERTH AIRPORT, AS","2003-03","60.4","23.8"
"ASN00009021","PERTH AIRPORT, AS","2003-04","44.8","20.2"
"ASN00009021","PERTH AIRPORT, AS","2003-05","84.4","18.4"
"ASN00009021","PERTH AIRPORT, AS","2003-06","158.2","13.9"
"ASN00009021","PERTH AIRPORT, AS","2003-07","154.4","13.0"
"ASN00009021","PERTH AIRPORT, AS","2003-08","121.0","13.1"
"ASN00009021","PERTH AIRPORT, AS","2003-09","95.4","14.6"
"ASN00009021","PERTH AIRPORT, AS","2003-10","22.2","16.4"
"ASN00009021","PERTH AIRPORT, AS","2003-11","46.4","21.5"
"ASN00009021","PERTH AIRPORT, AS","2003-12","2.8","22.1"
"ASN00009021","PERTH AIRPORT, AS","2004-01","0.0","25.0"
"ASN00009021","PERTH AIRPORT, AS","2004-02","9.2","25.6"
"ASN00009021","PERTH AIRPORT, AS","2004-03","0.4","22.2"
"ASN00009021","PERTH AIRPORT, AS","2004-04","6.0","20.2"
"ASN00009021","PERTH AIRPORT, AS","2004-05","118.0","15.7"
"ASN00009021","PERTH AIRPORT, AS","2004-06","110.0","15.3"
"ASN00009021","PERTH AIRPORT, AS","2004-07","101.6","12.6"
"ASN00009021","PERTH AIRPORT, AS","2004-08","149.6","12.6"
"ASN00009021","PERTH AIRPORT, AS","2004-09","29.2","14.0"
"ASN00009021","PERTH AIRPORT, AS","2004-10","41.0","17.0"
"ASN00009021","PERTH AIRPORT, AS","2004-11","41.0","19.8"
"ASN00009021","PERTH AIRPORT, AS","2004-12","3.2","23.3"
"ASN00009021","PERTH AIRPORT, AS","2005-01","1.0","24.0"
"ASN00009021","PERTH AIRPORT, AS","2005-02","2.8","23.8"
"ASN00009021","PERTH AIRPORT, AS","2005-03","52.8","24.5"
"ASN00009021","PERTH AIRPORT, AS","2005-04","20.8","18.5"
"ASN00009021","PERTH AIRPORT, AS","2005-05","153.2","18.8"
"ASN00009021","PERTH AIRPORT, AS","2005-06","250.2","13.6"
"ASN00009021","PERTH AIRPORT, AS","2005-07","63.4","13.0"
"ASN00009021","PERTH AIRPORT, AS","2005-08","119.2","13.2"
"ASN00009021","PERTH AIRPORT, AS","2005-09","84.8","14.1"
"ASN00009021","PERTH AIRPORT, AS","2005-10","50.6","14.9"
"ASN00009021","PERTH AIRPORT, AS","2005-11","15.4","18.6"
"ASN00009021","PERTH AIRPORT, AS","2005-12","5.8","18.5"
"ASN00009021","PERTH AIRPORT, AS","2006-01","28.2","23.3"
"ASN00009021","PERTH AIRPORT, AS","2006-02","24.0","24.7"
"ASN00009021","PERTH AIRPORT, AS","2006-03","5.8","23.4"
"ASN00009021","PERTH AIRPORT, AS","2006-04","32.4","17.1"
"ASN00009021","PERTH AIRPORT, AS","2006-05","43.6","15.9"
"ASN00009021","PERTH AIRPORT, AS","2006-06","27.8","13.3"
"ASN00009021","PERTH AIRPORT, AS","2006-07","80.2","13.0"
"ASN00009021","PERTH AIRPORT, AS","2006-08","124.6","14.7"
"ASN00009021","PERTH AIRPORT, AS","2006-09","65.6","15.1"
"ASN00009021","PERTH AIRPORT, AS","2006-10","24.4","17.9"
"ASN00009021","PERTH AIRPORT, AS","2006-11","19.2","21.4"
"ASN00009021","PERTH AIRPORT, AS","2006-12","3.8","23.6"
"ASN00009021","PERTH AIRPORT, AS","2007-01","20.2","22.8"
"ASN00009021","PERTH AIRPORT, AS","2007-02","2.8","23.9"
"ASN00009021","PERTH AIRPORT, AS","2007-03","5.4","23.2"
"ASN00009021","PERTH AIRPORT, AS","2007-04","70.6","18.5"
"ASN00009021","PERTH AIRPORT, AS","2007-05","68.6","15.7"
"ASN00009021","PERTH AIRPORT, AS","2007-06","53.4","14.4"
"ASN00009021","PERTH AIRPORT, AS","2007-07","193.4","14.9"
"ASN00009021","PERTH AIRPORT, AS","2007-08","113.0","14.0"
"ASN00009021","PERTH AIRPORT, AS","2007-09","97.2","14.7"
"ASN00009021","PERTH AIRPORT, AS","2007-10","46.6","16.5"
"ASN00009021","PERTH AIRPORT, AS","2007-11","5.2","21.4"
"ASN00009021","PERTH AIRPORT, AS","2007-12","16.2","21.4"
"ASN00009021","PERTH AIRPORT, AS","2008-01","0.0","26.4"
"ASN00009021","PERTH AIRPORT, AS","2008-02","39.6","25.9"
"ASN00009021","PERTH AIRPORT, AS","2008-03","16.2","23.1"
"ASN00009021","PERTH AIRPORT, AS","2008-04","135.0","18.2"
"ASN00009021","PERTH AIRPORT, AS","2008-05","59.8","16.6"
"ASN00009021","PERTH AIRPORT, AS","2008-06","170.0","14.3"
"ASN00009021","PERTH AIRPORT, AS","2008-07","213.6","12.7"
"ASN00009021","PERTH AIRPORT, AS","2008-08","19.0","13.1"
"ASN00009021","PERTH AIRPORT, AS","2008-09","66.8","14.9"
"ASN00009021","PERTH AIRPORT, AS","2008-10","33.8","17.6"
"ASN00009021","PERTH AIRPORT, AS","2008-11","69.0","18.0"
"ASN00009021","PERTH AIRPORT, AS","2008-12","5.4","21.6"
"ASN00009021","PERTH AIRPORT, AS","2009-01","12.6","26.1"
"ASN00009021","PERTH AIRPORT, AS","2009-02","5.4","25.0"
"ASN00009021","PERTH AIRPORT, AS","2009-03","6.0","21.9"
"ASN00009021","PERTH AIRPORT, AS","2009-04","6.8","20.8"
"ASN00009021","PERTH AIRPORT, AS","2009-05","49.6","17.5"
"ASN00009021","PERTH AIRPORT, AS","2009-06","131.4","14.0"
"ASN00009021","PERTH AIRPORT, AS","2009-07","145.4","12.7"
"ASN00009021","PERTH AIRPORT, AS","2009-08","129.0","13.9"
"ASN00009021","PERTH AIRPORT, AS","2009-09","93.2","13.9"
"ASN00009021","PERTH AIRPORT, AS","2009-10","4.0","17.6"
"ASN00009021","PERTH AIRPORT, AS","2009-11","32.4","20.1"
"ASN00009021","PERTH AIRPORT, AS","2009-12","0.0","23.7"
"ASN00009021","PERTH AIRPORT, AS","2010-01","0.0","26.9"
"ASN00009021","PERTH AIRPORT, AS","2010-02","0.0","25.5"
"ASN00009021","PERTH AIRPORT, AS","2010-03","43.2","24.3"
"ASN00009021","PERTH AIRPORT, AS","2010-04","23.2","19.4"
"ASN00009021","PERTH AIRPORT, AS","2010-05","88.6","15.3"
"ASN00009021","PERTH AIRPORT, AS","2010-06","47.2","13.4"
"ASN00009021","PERTH AIRPORT, AS","2010-07","86.4","12.1"
"ASN00009021","PERTH AIRPORT, AS","2010-08","60.0","12.7"
"ASN00009021","PERTH AIRPORT, AS","2010-09","27.8","15.1"
"ASN00009021","PERTH AIRPORT, AS","2010-10","25.2","17.4"
"ASN00009021","PERTH AIRPORT, AS","2010-11","7.6","22.3"
"ASN00009021","PERTH AIRPORT, AS","2010-12","16.0","23.1"
"ASN00009021","PERTH AIRPORT, AS","2011-01","43.2","26.3"
"ASN00009021","PERTH AIRPORT, AS","2011-02","0.4","27.9"
"ASN00009021","PERTH AIRPORT, AS","2011-03","0.0","25.6"
"ASN00009021","PERTH AIRPORT, AS","2011-04","26.2","21.1"
"ASN00009021","PERTH AIRPORT, AS","2011-05","58.6","17.3"
"ASN00009021","PERTH AIRPORT, AS","2011-06","143.2","14.8"
"ASN00009021","PERTH AIRPORT, AS","2011-07","164.6","13.5"
"ASN00009021","PERTH AIRPORT, AS","2011-08","127.8","14.5"
"ASN00009021","PERTH AIRPORT, AS","2011-09","102.4","14.7"
"ASN00009021","PERTH AIRPORT, AS","2011-10","63.4","18.3"
"ASN00009021","PERTH AIRPORT, AS","2011-11","38.6","20.1"
"ASN00009021","PERTH AIRPORT, AS","2011-12","67.4","24.0"
"ASN00009021","PERTH AIRPORT, AS","2012-01","27.4","26.5"
"ASN00009021","PERTH AIRPORT, AS","2012-02","19.0","24.8"
"ASN00009021","PERTH AIRPORT, AS","2012-03","0.0","23.6"
"ASN00009021","PERTH AIRPORT, AS","2012-04","53.2","20.2"
"ASN00009021","PERTH AIRPORT, AS","2012-05","39.8","16.6"
"ASN00009021","PERTH AIRPORT, AS","2012-06","134.4","14.7"
"ASN00009021","PERTH AIRPORT, AS","2012-07","30.6","12.4"
"ASN00009021","PERTH AIRPORT, AS","2012-08","117.8","14.1"
"ASN00009021","PERTH AIRPORT, AS","2012-09","103.8","15.1"
"ASN00009021","PERTH AIRPORT, AS","2012-10","13.8","18.3"
"ASN00009021","PERTH AIRPORT, AS","2012-11","84.8","19.4"
"ASN00009021","PERTH AIRPORT, AS","2012-12","24.8","24.1"
"ASN00009021","PERTH AIRPORT, AS","2013-01","8.2","25.4"
"ASN00009021","PERTH AIRPORT, AS","2013-02","1.0","26.6"
"ASN00009021","PERTH AIRPORT, AS","2013-03","60.2","21.8"
"ASN00009021","PERTH AIRPORT, AS","2013-04","7.8","22.4"
"ASN00009021","PERTH AIRPORT, AS","2013-05","112.2","16.1"
"ASN00009021","PERTH AIRPORT, AS","2013-06","23.0","13.8"
"ASN00009021","PERTH AIRPORT, AS","2013-07","119.2","12.7"
"ASN00009021","PERTH AIRPORT, AS","2013-08","160.6","15.1"
"ASN00009021","PERTH AIRPORT, AS","2013-09","172.4","15.3"
"ASN00009021","PERTH AIRPORT, AS","2013-10","32.4","17.7"
"ASN00009021","PERTH AIRPORT, AS","2013-11","6.2","22.3"
"ASN00009021","PERTH AIRPORT, AS","2013-12","0.8","23.3"
"ASN00009021","PERTH AIRPORT, AS","2014-01","0.4","25.4"
"ASN00009021","PERTH AIRPORT, AS","2014-02","0.0","25.9"
"ASN00009021","PERTH AIRPORT, AS","2014-03","4.4","23.9"
"ASN00009021","PERTH AIRPORT, AS","2014-04","18.6","20.0"
"ASN00009021","PERTH AIRPORT, AS","2014-05","125.2","16.6"
"ASN00009021","PERTH AIRPORT, AS","2014-06","92.2","13.6"
"ASN00009021","PERTH AIRPORT, AS","2014-07","139.2","13.5"
"ASN00009021","PERTH AIRPORT, AS","2014-08","109.6","15.9"
"ASN00009021","PERTH AIRPORT, AS","2014-09","70.2","16.3"
"ASN00009021","PERTH AIRPORT, AS","2014-10","34.2","18.1"
"ASN00009021","PERTH AIRPORT, AS","2014-11","26.6","19.4"
"ASN00009021","PERTH AIRPORT, AS","2014-12","0.2","22.3"
"ASN00009021","PERTH AIRPORT, AS","2015-01","0.4","25.8"
"ASN00009021","PERTH AIRPORT, AS","2015-02","28.4","25.9"
"ASN00009021","PERTH AIRPORT, AS","2015-03","22.0","23.1"
"ASN00009021","PERTH AIRPORT, AS","2015-04","56.0","19.5"
"ASN00009021","PERTH AIRPORT, AS","2015-05","68.8","15.1"
"ASN00009021","PERTH AIRPORT, AS","2015-06","100.2","15.5"
"ASN00009021","PERTH AIRPORT, AS","2015-07","98.8","13.9"
"ASN00009021","PERTH AIRPORT, AS","2015-08","102.8","14.3"
"ASN00009021","PERTH AIRPORT, AS","2015-09","46.8","16.0"
"ASN00009021","PERTH AIRPORT, AS","2015-10","19.2","19.6"
"ASN00009021","PERTH AIRPORT, AS","2015-11","17.4","22.0"
"ASN00009021","PERTH AIRPORT, AS","2015-12","17.4","23.1"
"ASN00009021","PERTH AIRPORT, AS","2016-01","23.4","25.7"
"ASN00009021","PERTH AIRPORT, AS","2016-02","0.8","25.1"
"ASN00009021","PERTH AIRPORT, AS","2016-03","21.4","23.7"
"ASN00009021","PERTH AIRPORT, AS","2016-04","61.6","19.8"
"ASN00009021","PERTH AIRPORT, AS","2016-05","106.0","15.2"
"ASN00009021","PERTH AIRPORT, AS","2016-06","86.4","13.7"
"ASN00009021","PERTH AIRPORT, AS","2016-07","129.4","12.5"
"ASN00009021","PERTH AIRPORT, AS","2016-08","131.6","12.5"
"ASN00009021","PERTH AIRPORT, AS","2016-09","61.8","12.6"
"ASN00009021","PERTH AIRPORT, AS","2016-10","37.8","15.7"
"ASN00009021","PERTH AIRPORT, AS","2016-11","5.6","20.3"
"ASN00009021","PERTH AIRPORT, AS","2016-12","8.6","22.0"
"ASN00009021","PERTH AIRPORT, AS","2017-01","39.8","24.2"
"ASN00009021","PERTH AIRPORT, AS","2017-02","89.8","23.7"
"ASN00009021","PERTH AIRPORT, AS","2017-03","19.8","21.9"
"ASN00009021","PERTH AIRPORT, AS","2017-04","0.0","19.8"
"ASN00009021","PERTH AIRPORT, AS","2017-05","57.0","17.0"
"ASN00009021","PERTH AIRPORT, AS","2017-06","54.8","15.0"
"ASN00009021","PERTH AIRPORT, AS","2017-07","181.8","13.9"
"ASN00009021","PERTH AIRPORT, AS","2017-08","149.2","13.9"
"ASN00009021","PERTH AIRPORT, AS","2017-09","81.2","15.3"
"ASN00009021","PERTH AIRPORT, AS","2017-10","26.0","17.0"
"ASN00009021","PERTH AIRPORT, AS","2017-11","1.8","22.7"
"ASN00009021","PERTH AIRPORT, AS","2017-12","28.2","23.5"
"ASN00009021","PERTH AIRPORT, AS","2018-01","92.0","24.5"
"ASN00009021","PERTH AIRPORT, AS","2018-02","0.4","24.2"
"ASN00009021","PERTH AIRPORT, AS","2018-03","1.4","23.8"
"ASN00009021","PERTH AIRPORT, AS","2018-04","10.8","19.9"
"ASN00009021","PERTH AIRPORT, AS","2018-05","72.0","17.3"
"ASN00009021","PERTH AIRPORT, AS","2018-06","129.0","14.1"
"ASN00009021","PERTH AIRPORT, AS","2018-07","180.6","14.2"
"ASN00009021","PERTH AIRPORT, AS","2018-08","176.8","13.1"
"ASN00009021","PERTH AIRPORT, AS","2018-09","39.0","14.4"
"ASN00009021","PERTH AIRPORT, AS","2018-10","36.2","18.2"
"ASN00009021","PERTH AIRPORT, AS","2018-11","4.8","19.1"
"ASN00009021","PERTH AIRPORT, AS","2018-12","0.8","22.7"
"ASN00009021","PERTH AIRPORT, AS","2019-01","5.8","23.5"
"ASN00009021","PERTH AIRPORT, AS","2019-02","0.8","24.8"
"ASN00009021","PERTH AIRPORT, AS","2019-03","4.8","24.1"
"ASN00009021","PERTH AIRPORT, AS","2019-04","35.2","19.3"
"ASN00009021","PERTH AIRPORT, AS","2019-05","12.4","15.3"
"ASN00009021","PERTH AIRPORT, AS","2019-06","175.0","14.4"
"ASN00009021","PERTH AIRPORT, AS","2019-07","101.0","13.8"
"ASN00009021","PERTH AIRPORT, AS","2019-08","117.2","14.0"
"ASN00009021","PERTH AIRPORT, AS","2019-09","31.8","16.1"
"ASN00009021","PERTH AIRPORT, AS","2019-10","23.4","17.7"
"ASN00009021","PERTH AIRPORT, AS","2019-11","21.4","21.9"
"ASN00009021","PERTH AIRPORT, AS","2019-12","2.2","25.8"
